﻿<ImageComposition xsi:noNamespaceSchemaLocation="https://www.skraper.net/ImageComposition.xsd" xmlns:xsi="http://www.w3.org/2001/XMLSchema-instance">
	<Information ShortName="Custom Mixer" LongName="Custom Mixer" Description="Custom Skrapper Mixer 1"  Author="zDontTouch"/>
	<Viewport Color="#00000000" Width="640" Height="480"/>
	<Drawings>
		<Item Type="Screenshot">
		<Display X="100%" Y="50%" Width="1000%" Height="90%" KeepRatio="true" Anchor="VCenterRight" Antialiasing="High" Transparency="0.0"/>
		</Item>		
	
		<Item Type="LocalFile" LocalFilePath="Left_Gradient.png">
		<Display X="0%" Y="50%" Width="640" Height="480" KeepRatio="false" Anchor="VCenterLeft" Antialiasing="Medium" Transparency="0.0"/>
		</Item>

		<Item Type="Text" Text="%name%" TextColor="#FFFFFFFF" TextAlign="VCenterHCenter">
     		<Display X="50%" Y="5%" Height="10%" Width="90%" Anchor="TopHCenter" Antialiasing="Medium"/>
    		</Item>	

		<Item Type="WheelSteel">
     		<Display X="0%" Y="30%" Width="32%" Height="24%" Anchor="VCenterLeft" Antialiasing="Medium" IfSystem="IsNotInTheList:2"/>
      		<Fallback Type="Text" Text="%name%"  TextColor="#FFFFFFFF" FontFamilly="Arial" FontStyle="Bold Italic" IfSystem="IsNotInTheList:2"/>
    		</Item>	
	
		<Item Type="Text" Text="%description%" TextColor="#FFFFFFFF">
     		<Display X="2%" Y="65%" Height="45%" Width="30%" Anchor="VCenterLeft" Antialiasing="Medium" IfSystem="IsNotInTheList:2"/>
      		<Fallback Type="Text" Text="%name%"  TextColor="#FFFFFFFF" FontFamilly="Arial" FontStyle="Bold Italic" IfSystem="IsNotInTheList:2"/>
    		</Item>	

		<Item Type="Box3D">
     		<Display X="95%" Y="95%" Width="48%" Height="35%" Anchor="BottomRight" Antialiasing="Medium" IfSystem="IsNotInTheList:2"/>
    		</Item>	
	
	</Drawings>
</ImageComposition>
