﻿<ImageComposition xsi:noNamespaceSchemaLocation="https://www.skraper.net/ImageComposition.xsd" xmlns:xsi="http://www.w3.org/2001/XMLSchema-instance">
	<Information ShortName="Custom Mixer" LongName="Custom Mixer" Description="Custom Skrapper Mixer 1"  Author="zDontTouch"/>
	<Viewport Color="#00000000" Width="640" Height="480"/>
	<Drawings>
		<Item Type="ScreenshotTitle">
		<Display X="50%" Y="50%" Width="1000%" Height="100%" KeepRatio="true" Anchor="VCenterHCenter" Antialiasing="High" Transparency="0.0"/>
		</Item>		
	
		<Item Type="LocalFile" LocalFilePath="Center_Gradient.png">
		<Display X="0%" Y="50%" Width="640" Height="480" KeepRatio="false" Anchor="VCenterLeft" Antialiasing="Medium" Transparency="0.0"/>
		</Item>

		<Item Type="Text" Text="%name%" TextColor="#FFFFFFFF" TextAlign="VCenterHCenter">
     		<Display X="50%" Y="2%" Height="6%" Width="90%" Anchor="TopHCenter" Antialiasing="Medium"/>
    		</Item>	

		<Item Type="WheelSteel">
     		<Display X="50%" Y="18%" Width="32%" Height="24%" Anchor="VCenterHCenter" Antialiasing="Medium" IfSystem="IsNotInTheList:2"/>
      		<Fallback Type="Text" Text="%name%"  TextColor="#FFFFFFFF" FontFamilly="Arial" FontStyle="Bold Italic" IfSystem="IsNotInTheList:2"/>
    		</Item>	
	
		<Item Type="Text" Text="%description%" TextColor="#FFFFFFFF" TextAlign="VCenterHCenter">
     		<Display X="50%" Y="48%" Height="40%" Width="30%" Anchor="VCenterHCenter" Antialiasing="Medium" IfSystem="IsNotInTheList:2"/>
      		<Fallback Type="Text" Text="%name%"  TextColor="#FFFFFFFF" FontFamilly="Arial" FontStyle="Bold Italic" IfSystem="IsNotInTheList:2"/>
    		</Item>	

		<Item Type="Text" Text="Developed By %developer%" TextColor="#FFFFFFFF" TextAlign="VCenterHCenter">
     		<Display X="50%" Y="95%" Height="5%" Width="30%" Anchor="VCenterHCenter" Antialiasing="Medium" IfSystem="IsNotInTheList:2"/>
      		<Fallback Type="Text" Text="%name%"  TextColor="#FFFFFFFF" FontFamilly="Arial" FontStyle="Bold Italic" IfSystem="IsNotInTheList:2"/>
    		</Item>	

		<Item Type="Box3D">
     		<Display X="50%" Y="87%" Width="15%" Height="15%" Anchor="BottomRight" Antialiasing="Medium" IfSystem="IsNotInTheList:2"/>
    		</Item>	

		<Item Type="Support">
     		<Display X="50%" Y="87%" Width="15%" Height="15%" Anchor="BottomLeft" Antialiasing="Medium" IfSystem="IsNotInTheList:2"/>
    		</Item>	
	
	</Drawings>
</ImageComposition>
